Manila,Philippines,,
Quezon City,Philippines,,
Baguio,Philippines,,
Ilocos,Philippines,,
Puerto Princesa,Philippines,,
El Nido,Philippines,,
Singapore,Singapore,,
Kuala Lumpur,Malaysia,,
Melaka,Malaysia,,
Penang,Malaysia,,
Phuket,Thailand,,
Krabi Ao Nang,Thailand,,
Koh Samui,Thailand,,
Koh Phangan,Thailand,,
Koh Tao,Thailand,,
Bangkok,Thailand,,
Ayutthaya,Thailand,,
Chiang Mai,Thailand,,
Chiang Rai,Thailand,,
Luang Prabang,Laos,,
Phonsavan,Laos,,
Vientiane,Laos,,
Pakse,Laos,,
Phnom Penh,Cambodia,,
Siem Reap,Cambodia,,
Angkor Wat,Cambodia,,
Battambang,Cambodia,,
Sihanoukville,Cambodia,,
Ho Chi Minh,Vietnam,,
Da Lat,Vietnam,,
Nha Trang,Vietnam,,
Hoi An,Vietnam,,
Da Nang,Vietnam,,
Hue,Vietnam,,
Dong Hoi,Vietnam,,
Hanoi,Vietnam,,
Ha Long Bay,Vietnam,,
Cat Ba Island,Vietnam,,
Sa Pa,Vietnam,,
Hong Kong,China,,
Macau,China,,
Beijing,China,,
Shanghai,China,,
Xitang,China,,
Hangzhou,China,,
Chongqing,China,,
Chengdu,China,,
Guangzhou,China,,
Shenzhen,China,,
Bali,Indonesia,,
Taipei,Taiwan,,
Hualien,Taiwan,,
Taroko Gorge,Taiwan,,
Kaohsiung,Taiwan,,
Tainan,Taiwan,,
Taichung,Taiwan,,
Alishan,Taiwan,,
Osaka,Japan,,
Nara,Japan,,
Kyoto,Japan,,
Hiroshima,Japan,,
Fukuoka,Japan,,
Beppu,Japan,,
Tokyo,Japan,,
Yokohama,Japan,,